A, B, Output
0.991515,0.659977,no
0.753599,0.753599,yes
0.008442,0.008442,yes
0.269119,0.269119,yes
0.968195,0.934059,no
0.598347,0.940217,no
0.745536,0.740291,no
0.090652,0.090652,yes
0.529467,0.529467,yes
0.76174,0.76174,yes
0.537351,0.537351,yes
0.989933,0.34688,no
0.018663,0.018663,yes
0.625956,0.625956,yes
0.522759,0.522759,yes
0.790369,0.790369,yes
0.762291,0.762291,yes
0.47262,0.60542,no
0.706825,0.706825,yes
0.741457,0.741457,yes
0.778784,0.467659,no
0.843069,0.918348,no
0.111237,0.111237,yes
0.834584,0.834584,yes
0.578324,0.578324,yes
0.864835,0.843025,no
0.847443,0.833031,no
0.777084,0.777084,yes
0.44579,0.44579,yes
0.773248,0.773248,yes
0.52262,0.52262,yes
0.186081,0.186081,yes
0.863899,0.052087,no
0.947821,0.401251,no
0.04202,0.2947,no
0.419914,0.667975,no
0.817459,0.817459,yes
0.210282,0.430266,no
0.290079,0.815702,no
0.137092,0.031536,no
0.594486,0.594486,yes
0.60475,0.874604,no
0.512833,0.715987,no
0.709188,0.091158,no
0.580822,0.552213,no
0.938601,0.938601,yes
0.413853,0.413853,yes
0.329297,0.329297,yes
0.384391,0.187101,no
0.851917,0.570472,no
0.051,0.051,yes
0.904004,0.904004,yes
0.518292,0.518292,yes
0.452251,0.452251,yes
0.946024,0.812993,no
0.872165,0.872165,yes
0.613999,0.630452,no
0.082447,0.044265,no
0.920531,0.89815,no
0.181357,0.181357,yes
0.952066,0.952066,yes
0.492635,0.492635,yes
0.786108,0.786108,yes
0.826671,0.005469,no
0.502095,0.535858,no
0.096626,0.096626,yes
0.082917,0.082917,yes
0.088072,0.088072,yes
0.035227,0.49677,no
0.417368,0.419618,no
0.683871,0.683871,yes
0.269285,0.269285,yes
0.99009,0.734872,no
0.173289,0.508382,no
0.187123,0.187123,yes
0.119313,0.119313,yes
0.321375,0.321375,yes
0.059287,0.059287,yes
0.733312,0.733312,yes
0.951827,0.951827,yes
0.141735,0.141735,yes
0.777578,0.872357,no
0.039884,0.958935,no
0.824424,0.53252,no
0.745043,0.651094,no
0.537988,0.247137,no
0.186953,0.634615,no
0.330054,0.330054,yes
0.275024,0.275024,yes
0.669842,0.669842,yes
0.826825,0.692393,no
0.08946,0.08946,yes
0.510696,0.961678,no
0.079549,0.245567,no
0.134968,0.587931,no
0.43269,0.43269,yes
0.254281,0.909306,no
0.491977,0.491977,yes
0.987593,0.987593,yes
0.861132,0.633712,no
0.765171,0.73349,no
0.673596,0.724106,no
0.557914,0.557914,yes
0.206116,0.206116,yes
0.469149,0.209008,no
0.744104,0.744104,yes
0.716286,0.395961,no
0.378719,0.378719,yes
0.04634,0.04634,yes
0.670985,0.048561,no
0.873165,0.873165,yes
0.363378,0.13802,no
0.38386,0.325056,no
0.21757,0.629428,no
0.460023,0.460023,yes
0.805501,0.062118,no
0.714304,0.714304,yes
0.714806,0.714806,yes
0.554095,0.554095,yes
0.701898,0.575939,no
0.187807,0.187807,yes
0.467069,0.467069,yes
0.309429,0.861403,no
0.191175,0.191175,yes
0.867342,0.067519,no
0.660323,0.07635,no
0.811623,0.376609,no
0.472311,0.472311,yes
0.190342,0.422949,no
0.143296,0.143296,yes
0.238903,0.296114,no
0.506673,0.506673,yes
0.376924,0.679974,no
0.831729,0.594493,no
0.309402,0.291753,no
0.399994,0.399994,yes
0.37152,0.006057,no
0.1148,0.925615,no
0.707955,0.690739,no
0.113422,0.175023,no
0.000168,0.974825,no
0.366198,0.86751,no
0.042344,0.042344,yes
0.026521,0.94386,no
0.853967,0.853967,yes
0.40313,0.416171,no
0.04431,0.826079,no
0.559467,0.559467,yes
0.283213,0.283213,yes
0.122193,0.122193,yes
0.06614,0.660136,no
0.802167,0.897869,no
0.254629,0.111569,no
0.189622,0.654623,no
0.483089,0.483089,yes
0.195679,0.195679,yes
0.769423,0.769423,yes
0.408704,0.408704,yes
0.903633,0.460163,no
0.522125,0.078657,no
0.460331,0.49695,no
0.444854,0.327841,no
0.539294,0.539294,yes
0.471375,0.271701,no
0.393261,0.874505,no
0.687873,0.437571,no
0.700585,0.24734,no
0.720784,0.822778,no
0.31348,0.31348,yes
0.38092,0.38092,yes
0.624945,0.211349,no
0.635549,0.736514,no
0.400971,0.400971,yes
0.290173,0.219603,no
0.59665,0.059596,no
0.628306,0.500283,no
0.519759,0.150432,no
0.57894,0.980089,no
0.647382,0.647382,yes
0.023794,0.30793,no
0.186676,0.186676,yes
0.495169,0.579632,no
0.579937,0.369675,no
0.267504,0.267504,yes
0.017508,0.070259,no
0.514844,0.514844,yes
0.738292,0.893037,no
0.828324,0.828324,yes
0.119212,0.119212,yes
0.517982,0.517982,yes
0.039673,0.754761,no
0.254496,0.254496,yes
0.440644,0.044934,no
0.474099,0.037294,no
0.10453,0.102405,no
0.537577,0.537577,yes
0.624289,0.252837,no
0.116517,0.604378,no
0.900219,0.900219,yes
0.140311,0.912309,no
0.086895,0.635481,no
0.49194,0.49194,yes
0.666832,0.005155,no
0.759444,0.759444,yes
0.684341,0.075415,no
0.274288,0.422633,no
0.968452,0.968452,yes
0.102612,0.541844,no
0.486434,0.486434,yes
0.142285,0.142285,yes
0.296606,0.74093,no
0.582929,0.582929,yes
0.34154,0.215028,no
0.620223,0.446069,no
0.317434,0.317434,yes
0.1578,0.1578,yes
0.070358,0.570271,no
0.274317,0.674736,no
0.47049,0.414628,no
0.587045,0.587045,yes
0.557385,0.050109,no
0.078985,0.078985,yes
0.224217,0.224217,yes
0.055264,0.055264,yes
0.83843,0.908558,no
0.130679,0.112718,no
0.33119,0.33119,yes
0.099131,0.099131,yes
0.21533,0.873035,no
0.585564,0.357614,no
0.16964,0.326494,no
0.940543,0.51118,no
0.541522,0.541522,yes
0.560766,0.560766,yes
0.957249,0.957249,yes
0.858956,0.718565,no
0.027608,0.429227,no
0.992882,0.702344,no
0.899716,0.40751,no
0.289389,0.289389,yes
0.457101,0.457619,no
0.368374,0.368374,yes
0.681318,0.512883,no
0.206804,0.589875,no
0.643561,0.643561,yes
0.319522,0.319522,yes
0.921065,0.921065,yes
0.742692,0.742692,yes
0.534851,0.7941,no
0.328256,0.892466,no
0.96374,0.96374,yes
0.65475,0.65475,yes
0.833009,0.833009,yes
0.47492,0.196273,no
0.393774,0.432169,no
0.055228,0.11234,no
0.459777,0.484455,no
0.105222,0.105222,yes
0.162121,0.384171,no
0.512732,0.512732,yes
0.45151,0.45151,yes
0.841272,0.841272,yes
0.970351,0.970351,yes
0.819884,0.52259,no
0.483233,0.483233,yes
0.026688,0.112465,no
0.126795,0.126795,yes
0.34621,0.03353,no
0.869487,0.881061,no
0.82763,0.82763,yes
0.197743,0.773527,no
0.791371,0.852493,no
0.606535,0.266291,no
0.048766,0.048766,yes
0.00031,0.00031,yes
0.69846,0.103994,no
0.11265,0.11265,yes
0.158237,0.588449,no
0.217872,0.217872,yes
0.320359,0.972621,no
0.730604,0.730604,yes
0.771869,0.771869,yes
0.813893,0.813893,yes
0.700954,0.591753,no
0.336482,0.336482,yes
0.184187,0.618441,no
0.448947,0.310982,no
0.96465,0.482477,no
0.180469,0.180469,yes
0.845711,0.310108,no
0.378212,0.378212,yes
0.619238,0.619238,yes
0.101478,0.230705,no
0.225773,0.225773,yes
0.367769,0.367769,yes
0.279471,0.226083,no
0.06623,0.383465,no
0.338733,0.338733,yes
0.224467,0.971914,no
0.556604,0.544826,no
0.944535,0.944535,yes
0.287208,0.316695,no
0.758428,0.758428,yes
0.988162,0.908448,no
0.09491,0.09491,yes
0.172349,0.526889,no
0.543857,0.483331,no
0.491539,0.491539,yes
0.026334,0.026334,yes
0.6638,0.6638,yes
0.33725,0.336442,no
0.042012,0.042012,yes
0.956488,0.43792,no
0.272717,0.272717,yes
0.182261,0.80569,no
0.552188,0.408344,no
0.87192,0.87192,yes
0.935653,0.935653,yes
0.747077,0.096387,no
0.907568,0.907568,yes
0.303681,0.641213,no
0.852103,0.590889,no
0.957907,0.957907,yes
0.61053,0.579051,no
0.866355,0.866355,yes
0.70544,0.70544,yes
0.7514,0.7514,yes
0.393244,0.249297,no
0.234732,0.884783,no
0.275631,0.898532,no
0.222033,0.612072,no
0.940544,0.178521,no
0.049993,0.049993,yes
0.213261,0.360782,no
0.855683,0.765449,no
0.769127,0.727602,no
0.701102,0.516203,no
0.823989,0.60867,no
0.819885,0.465202,no
0.460773,0.460773,yes
0.410774,0.423109,no
0.071303,0.989824,no
0.289464,0.289464,yes
0.776742,0.741225,no
0.682708,0.026039,no
0.975956,0.567491,no
0.301669,0.301669,yes
0.874488,0.789524,no
0.913742,0.815032,no
0.968045,0.963735,no
0.028294,0.028294,yes
0.328827,0.819417,no
0.793743,0.097954,no
0.547019,0.494846,no
0.614157,0.614157,yes
0.371008,0.103516,no
0.434042,0.434042,yes
0.83621,0.564288,no
0.844815,0.259319,no
0.635591,0.83464,no
0.548783,0.412333,no
0.575864,0.231491,no
0.438372,0.438372,yes
0.551821,0.551821,yes
0.798982,0.798982,yes
0.740041,0.740041,yes
0.426309,0.588506,no
0.653783,0.241342,no
0.55655,0.55655,yes
0.617518,0.617518,yes
0.269635,0.885378,no
0.436935,0.436935,yes
0.063378,0.983331,no
0.983955,0.558224,no
0.597488,0.597488,yes
0.354963,0.354963,yes
0.661739,0.661739,yes
0.03153,0.03153,yes
0.191173,0.226028,no
0.876345,0.450492,no
0.861618,0.710985,no
0.999275,0.999275,yes
0.273951,0.286849,no
0.230766,0.230766,yes
0.712323,0.83867,no
0.029748,0.029748,yes
0.452365,0.452365,yes
0.264979,0.618254,no
0.106148,0.506321,no
0.174804,0.723666,no
0.775956,0.060182,no
0.160601,0.839334,no
0.043513,0.144556,no
0.397558,0.397558,yes
0.641001,0.641001,yes
0.499519,0.059298,no
0.672531,0.690692,no
0.285325,0.548877,no
0.141184,0.141184,yes
0.146943,0.259861,no
0.140459,0.420895,no
0.546711,0.371225,no
0.133218,0.133218,yes
0.38538,0.400973,no
0.585582,0.650359,no
0.019227,0.019227,yes
0.69173,0.15668,no
0.194032,0.194032,yes
0.415396,0.415396,yes
0.932636,0.932636,yes
0.254213,0.254213,yes
0.575998,0.575998,yes
0.77197,0.297726,no
0.720554,0.169528,no
0.938728,0.220073,no
0.228826,0.611259,no
0.910765,0.514151,no
0.160136,0.051949,no
0.661094,0.419997,no
0.192408,0.192408,yes
0.081989,0.081989,yes
0.966708,0.563633,no
0.215207,0.215207,yes
0.352088,0.352088,yes
0.964606,0.800789,no
0.002447,0.983834,no
0.492519,0.159127,no
0.177865,0.907916,no
0.091763,0.091763,yes
0.432079,0.483913,no
0.863733,0.863733,yes
0.729805,0.729805,yes
0.204467,0.033261,no
0.668533,0.42454,no
0.262087,0.262087,yes
0.279792,0.279792,yes
0.335305,0.335305,yes
0.776238,0.439928,no
0.387254,0.437332,no
0.859925,0.859925,yes
0.579662,0.519321,no
0.826632,0.143295,no
0.734528,0.17872,no
0.107901,0.535317,no
0.181168,0.181168,yes
0.091734,0.091734,yes
0.027836,0.027836,yes
0.340295,0.2696,no
0.935752,0.935752,yes
0.432058,0.701678,no
0.419665,0.419665,yes
0.295791,0.295791,yes
0.431483,0.624133,no
0.329053,0.100016,no
0.048673,0.048673,yes
0.591139,0.591139,yes
0.379808,0.379808,yes
0.383979,0.367377,no
0.819736,0.819736,yes
0.771233,0.771233,yes
0.804709,0.679661,no
0.350895,0.32403,no
0.506293,0.494189,no
0.058558,0.685013,no
0.60209,0.60209,yes
0.593875,0.866181,no
0.693824,0.621711,no
0.206477,0.206477,yes
0.963424,0.963424,yes
0.557463,0.638535,no
0.665102,0.977128,no
0.934326,0.096586,no
0.601261,0.601261,yes
0.263379,0.263379,yes
0.196602,0.649934,no
0.854518,0.57641,no
0.033913,0.033913,yes
0.221896,0.396146,no
0.805146,0.026605,no
0.075807,0.075807,yes
0.15604,0.15604,yes
0.350635,0.350635,yes
0.5821,0.65023,no
0.409193,0.409193,yes
0.267113,0.267113,yes
0.252319,0.252319,yes
0.003068,0.133295,no
0.946144,0.946144,yes
0.624779,0.624779,yes
0.339771,0.909568,no
0.182242,0.978306,no
0.57467,0.57467,yes
0.15937,0.15937,yes
0.912632,0.671256,no
0.760632,0.176011,no
0.867858,0.410566,no
0.03053,0.03053,yes
0.444268,0.444268,yes
0.444479,0.252425,no
0.840414,0.249625,no
0.27903,0.27903,yes
0.916221,0.405666,no
0.629665,0.498321,no
0.055895,0.038858,no
0.765434,0.765434,yes
0.308215,0.308215,yes
0.041926,0.041926,yes
0.898729,0.898729,yes
0.254358,0.666705,no
0.2385,0.2385,yes
0.163926,0.163926,yes
0.848947,0.848947,yes
0.216806,0.738596,no
0.008318,0.008318,yes
0.129438,0.409852,no
0.768949,0.30545,no
0.27771,0.179515,no
0.335979,0.335979,yes
0.721979,0.623994,no
0.588404,0.588404,yes
0.562393,0.87362,no
0.867434,0.478614,no
0.279285,0.497099,no
0.976935,0.976935,yes
0.33518,0.33518,yes
0.535958,0.535958,yes
0.742369,0.742369,yes
0.643395,0.643395,yes
0.577884,0.641098,no
0.897753,0.897753,yes
0.244589,0.879598,no
0.06168,0.06168,yes
0.093537,0.096404,no
0.800276,0.800276,yes
0.101854,0.101854,yes
0.225842,0.225842,yes
0.210128,0.210128,yes
0.870803,0.870803,yes
0.531292,0.487839,no
0.050319,0.867271,no
0.209817,0.674313,no
0.455675,0.77221,no
0.547933,0.547933,yes
0.32311,0.32311,yes
0.250825,0.827218,no
0.820209,0.820209,yes
0.22776,0.162398,no
0.356167,0.970129,no
0.805793,0.934051,no
0.611227,0.703547,no
0.17864,0.17864,yes
0.490825,0.765226,no
0.272176,0.272176,yes
0.587229,0.587229,yes
0.565502,0.565502,yes
0.37403,0.813071,no
0.77563,0.77563,yes
0.244834,0.344362,no
0.263469,0.295153,no
0.211633,0.211633,yes
0.473287,0.969466,no
0.667309,0.667309,yes
0.245497,0.517399,no
0.990418,0.496322,no
0.344617,0.344617,yes
0.810627,0.810627,yes
0.724082,0.507015,no
0.166794,0.694211,no
0.312809,0.312809,yes
0.100845,0.305438,no
0.016355,0.016355,yes
0.279484,0.796263,no
0.781582,0.551661,no
0.383492,0.383492,yes
0.347084,0.925691,no
0.196563,0.122714,no
0.170525,0.540925,no
0.386183,0.465678,no
0.752559,0.752559,yes
0.85947,0.435144,no
0.419867,0.419867,yes
0.104967,0.952543,no
0.410286,0.601289,no
0.29716,0.220913,no
0.325371,0.804175,no
0.387707,0.019582,no
0.116984,0.488552,no
0.32502,0.32502,yes
0.13334,0.13334,yes
0.768036,0.768036,yes
0.121283,0.121283,yes
0.914921,0.914921,yes
0.319697,0.319697,yes
0.504775,0.504775,yes
0.262005,0.262005,yes
0.245388,0.701338,no
0.384719,0.415913,no
0.242263,0.770902,no
0.881591,0.994822,no
0.630372,0.316735,no
0.414689,0.73534,no
0.269278,0.824975,no
0.336629,0.336629,yes
0.566438,0.566438,yes
0.045888,0.045888,yes
0.662,0.370614,no
0.433595,0.433595,yes
0.681582,0.681582,yes
0.487598,0.487598,yes
0.922147,0.922147,yes
0.006602,0.006602,yes
0.620937,0.620937,yes
0.690183,0.690183,yes
0.127886,0.127886,yes
0.535858,0.535858,yes
0.009881,0.632661,no
0.797863,0.255269,no
0.333999,0.182582,no
0.671182,0.576262,no
0.953484,0.552774,no
0.571084,0.583856,no
0.869509,0.985773,no
0.319196,0.138787,no
0.810748,0.810748,yes
0.655825,0.655825,yes
0.705226,0.856636,no
0.317825,0.317825,yes
0.075839,0.290231,no
0.999407,0.999407,yes
0.563437,0.563437,yes
0.212378,0.212378,yes
0.006009,0.184374,no
0.902561,0.133894,no
0.720232,0.912442,no
0.766555,0.518095,no
0.167711,0.100554,no
0.700677,0.700677,yes
0.838893,0.838893,yes
0.676816,0.654162,no
0.391667,0.2479,no
0.238018,0.238018,yes
0.261176,0.233673,no
0.557214,0.399963,no
0.044421,0.044421,yes
0.213039,0.213039,yes
0.105189,0.105189,yes
0.901057,0.530864,no
0.181028,0.191288,no
0.53027,0.744465,no
0.403666,0.403666,yes
0.536279,0.536279,yes
0.928839,0.928839,yes
0.306227,0.670173,no
0.649071,0.649071,yes
0.218669,0.436728,no
0.167167,0.167167,yes
0.38638,0.38638,yes
0.537282,0.537282,yes
0.867844,0.867844,yes
0.225273,0.214099,no
0.522006,0.522006,yes
0.616939,0.461999,no
0.760023,0.760023,yes
0.878115,0.695672,no
0.317238,0.278078,no
0.740092,0.530276,no
0.383267,0.383267,yes
0.641149,0.641149,yes
0.06114,0.06114,yes
0.564295,0.832437,no
0.59141,0.30876,no
0.236102,0.236102,yes
0.127689,0.237599,no
0.542329,0.797863,no
0.88667,0.760998,no
0.234591,0.234591,yes
0.053836,0.053836,yes
0.147378,0.771874,no
0.92168,0.37265,no
0.985972,0.985972,yes
0.443686,0.443686,yes
0.98959,0.98959,yes
0.447971,0.447971,yes
0.203709,0.867705,no
0.143642,0.520947,no
0.145783,0.883735,no
0.051223,0.051223,yes
0.529051,0.529051,yes
0.524884,0.112363,no
0.093346,0.35732,no
0.703774,0.703774,yes
0.402106,0.402106,yes
0.593423,0.831463,no
0.639704,0.135752,no
0.629326,0.629326,yes
0.526374,0.526374,yes
0.89675,0.863917,no
0.58021,0.58021,yes
0.044128,0.635791,no
0.50189,0.416779,no
0.621763,0.621763,yes
0.945576,0.406369,no
0.069733,0.069733,yes
0.149285,0.274074,no
0.213375,0.670232,no
0.419857,0.419857,yes
0.09711,0.721455,no
0.948908,0.621994,no
0.833819,0.042254,no
0.979314,0.979314,yes
0.537592,0.444359,no
0.572737,0.572737,yes
0.369056,0.084064,no
0.708489,0.998382,no
0.610437,0.60524,no
0.862299,0.190647,no
0.649368,0.498089,no
0.692538,0.066147,no
0.119852,0.638114,no
0.472515,0.472515,yes
0.189585,0.189585,yes
0.787399,0.787399,yes
0.746589,0.40296,no
0.457631,0.457631,yes
0.166446,0.50007,no
0.179087,0.115354,no
0.122064,0.122064,yes
0.012905,0.012905,yes
0.157608,0.101379,no
0.550498,0.601967,no
0.674116,0.919554,no
0.686031,0.686031,yes
0.382605,0.382605,yes
0.917935,0.296468,no
0.987844,0.780234,no
0.487116,0.637212,no
0.278323,0.179653,no
0.703359,0.703359,yes
0.398175,0.398175,yes
0.817767,0.175874,no
0.58776,0.605166,no
0.922463,0.922463,yes
0.99072,0.99072,yes
0.062797,0.088909,no
0.490791,0.490791,yes
0.241884,0.204263,no
0.612855,0.25479,no
0.361871,0.714234,no
0.805288,0.963838,no
0.388349,0.388349,yes
0.724841,0.724841,yes
0.649869,0.649869,yes
0.770954,0.642776,no
0.946337,0.758799,no
0.42301,0.433453,no
0.396011,0.396011,yes
0.701333,0.613106,no
0.09937,0.09937,yes
0.099508,0.430873,no
0.275244,0.687268,no
0.036039,0.197708,no
0.677988,0.677988,yes
0.098837,0.286617,no
0.168779,0.168779,yes
0.340721,0.490881,no
0.781634,0.59551,no
0.852752,0.495867,no
0.400798,0.400798,yes
0.81659,0.884217,no
0.125639,0.466459,no
0.655171,0.768415,no
0.412797,0.412797,yes
0.413969,0.413969,yes
0.191426,0.846249,no
0.80998,0.892759,no
0.459356,0.459356,yes
0.90935,0.992266,no
0.890229,0.184595,no
0.679534,0.926268,no
0.382302,0.382302,yes
0.357522,0.357522,yes
0.025104,0.668919,no
0.526301,0.365825,no
0.1598,0.307934,no
0.961336,0.012552,no
0.803802,0.803802,yes
0.362134,0.362134,yes
0.829142,0.688019,no
0.487773,0.295601,no
0.343189,0.343189,yes
0.256188,0.256188,yes
0.708398,0.708398,yes
0.757159,0.447614,no
0.554647,0.567139,no
0.340372,0.340372,yes
0.014003,0.476489,no
0.332639,0.332639,yes
0.904232,0.904232,yes
0.661084,0.661084,yes
0.012172,0.012172,yes
0.830499,0.043386,no
0.369694,0.369694,yes
0.855604,0.712306,no
0.895995,0.895995,yes
0.221429,0.221429,yes
0.872106,0.872106,yes
0.203929,0.182765,no
0.884658,0.007731,no
0.544898,0.544898,yes
0.713799,0.69575,no
0.032671,0.009401,no
0.038939,0.038939,yes
0.288859,0.288859,yes
0.717798,0.796098,no
0.736473,0.272446,no
0.363237,0.363237,yes
0.076845,0.286449,no
0.839726,0.409484,no
0.19068,0.50081,no
0.421656,0.421656,yes
0.021179,0.021179,yes
0.544197,0.79135,no
0.876783,0.876783,yes
0.256502,0.256502,yes
0.687345,0.687345,yes
0.098212,0.128608,no
0.891275,0.280977,no
0.013266,0.013266,yes
0.899006,0.899006,yes
0.825875,0.727065,no
0.594756,0.858546,no
0.736466,0.633695,no
0.147405,0.454264,no
0.429793,0.429793,yes
0.883877,0.883877,yes
0.72671,0.79303,no
0.960722,0.960722,yes
0.013159,0.013159,yes
0.632756,0.632756,yes
0.370206,0.203839,no
0.133566,0.133566,yes
0.791862,0.225018,no
0.677763,0.583212,no
0.101801,0.101801,yes
0.934265,0.934265,yes
0.270557,0.270557,yes
0.200014,0.062874,no
0.161832,0.161832,yes
0.48099,0.48099,yes
0.076139,0.060838,no
0.306865,0.803205,no
0.655593,0.655593,yes
0.165411,0.53967,no
0.289288,0.312815,no
0.993935,0.719081,no
0.196693,0.196693,yes
0.720645,0.720645,yes
0.512111,0.157415,no
0.733803,0.733803,yes
0.144867,0.144867,yes
0.527621,0.937642,no
0.278434,0.319483,no
0.16266,0.956197,no
0.902695,0.902695,yes
0.264462,0.264462,yes
0.890462,0.890462,yes
0.173252,0.173252,yes
0.464475,0.953336,no
0.335084,0.335084,yes
0.945466,0.029476,no
0.395922,0.252331,no
0.83268,0.051515,no
0.417741,0.372351,no
0.340804,0.340804,yes
0.730557,0.730557,yes
0.366285,0.366285,yes
0.059885,0.927249,no
0.08693,0.08693,yes
0.571996,0.084664,no
0.820733,0.820733,yes
0.716863,0.716863,yes
0.612285,0.612285,yes
0.758375,0.995297,no
0.931768,0.931768,yes
0.921035,0.951494,no
0.834463,0.834463,yes
0.185496,0.841956,no
0.007715,0.007715,yes
0.649971,0.649971,yes
0.795292,0.3428,no
0.595437,0.824768,no
0.738722,0.738722,yes
0.847768,0.657448,no
0.790237,0.790237,yes
0.265509,0.265509,yes
0.029799,0.131041,no
0.996066,0.996066,yes
0.396084,0.190926,no
0.923315,0.923315,yes
0.483013,0.483013,yes
0.762922,0.007979,no
0.303746,0.303746,yes
0.479785,0.479785,yes
0.620264,0.620264,yes
0.062121,0.475083,no
0.552032,0.983156,no
0.426577,0.426577,yes
0.386495,0.168652,no
0.268533,0.39421,no
0.818623,0.818623,yes
0.063826,0.73701,no
0.41406,0.888594,no
0.475732,0.475732,yes
0.261828,0.261828,yes
0.546042,0.265969,no
0.527337,0.57584,no
0.39701,0.39701,yes
0.523402,0.523402,yes
0.971924,0.587936,no
0.446717,0.454938,no
0.350858,0.454696,no
0.758684,0.830644,no
0.07496,0.07496,yes
0.820805,0.820805,yes
0.305726,0.305726,yes
0.626992,0.80396,no
0.732303,0.013487,no
0.972612,0.972612,yes
0.000836,0.000836,yes
0.407697,0.791235,no
0.064662,0.064662,yes
0.144708,0.205296,no
0.953255,0.953255,yes
0.620439,0.620439,yes
0.467123,0.467123,yes
0.499297,0.499297,yes
0.886409,0.886409,yes
0.99446,0.075137,no
0.283419,0.517863,no
0.047061,0.871356,no
0.96458,0.501999,no
0.222214,0.419276,no
0.260683,0.260683,yes
0.052858,0.494237,no
0.081487,0.081487,yes
0.358584,0.358584,yes
0.121229,0.885448,no
0.090888,0.134716,no
0.85806,0.091724,no
0.542414,0.649295,no
0.156385,0.687121,no
0.854591,0.854591,yes
0.109641,0.109641,yes
0.307561,0.307561,yes
0.321714,0.321714,yes
0.608937,0.608937,yes
0.193969,0.193969,yes
0.316174,0.316174,yes
0.684075,0.684075,yes
0.477389,0.834037,no
0.731136,0.348744,no
0.798617,0.798617,yes
0.233135,0.570958,no
0.217893,0.493818,no
0.623816,0.623816,yes
0.71213,0.575305,no
0.9824,0.9824,yes
0.833358,0.460753,no
0.073288,0.968075,no
0.318812,0.165012,no
0.510488,0.968107,no
0.321397,0.197609,no
0.822698,0.431037,no
0.50517,0.50517,yes
0.144412,0.039975,no
0.699139,0.460587,no
0.724049,0.176528,no
0.294624,0.455185,no
0.525272,0.525272,yes
0.093241,0.68832,no
0.09623,0.09623,yes
0.311134,0.182138,no
0.720046,0.720046,yes
0.023263,0.023263,yes
0.757443,0.702446,no
0.856622,0.218195,no
0.775734,0.775734,yes
0.824696,0.537007,no
0.940746,0.940746,yes
0.335185,0.335185,yes
0.505115,0.505115,yes
0.262143,0.532794,no
0.327813,0.69318,no
0.037964,0.472225,no
0.733155,0.733155,yes
0.737103,0.932812,no
0.457205,0.913631,no
0.227436,0.227436,yes
0.91239,0.438903,no
0.320677,0.320677,yes
0.60071,0.535133,no
0.63181,0.63181,yes
0.782847,0.255179,no
0.655074,0.54029,no
0.957625,0.957625,yes
0.511695,0.758485,no
0.733359,0.733359,yes
0.336392,0.295492,no
0.674105,0.674105,yes
0.671576,0.671576,yes
0.800607,0.800607,yes
0.936248,0.936248,yes
0.20437,0.20437,yes
0.12842,0.12842,yes
0.629428,0.629428,yes
0.242334,0.242334,yes
0.600646,0.600646,yes
0.362584,0.979437,no
0.533458,0.533458,yes
0.819788,0.819788,yes
0.893068,0.893068,yes
0.760894,0.732178,no
0.331971,0.331971,yes
0.081571,0.332888,no
0.867104,0.867104,yes
0.713381,0.713381,yes
0.115735,0.122282,no
0.368455,0.656025,no
0.079907,0.88015,no
0.41451,0.813267,no
0.216542,0.216542,yes
0.710002,0.487372,no
0.888118,0.51061,no
0.42362,0.42362,yes
0.092488,0.63903,no
0.053049,0.334822,no
0.239676,0.415632,no
0.314259,0.314259,yes
0.773134,0.773134,yes
0.23542,0.23542,yes
0.207327,0.207327,yes
0.534028,0.967598,no
0.539298,0.539298,yes
0.615599,0.300486,no
0.406402,0.32898,no
0.416221,0.416221,yes
0.528684,0.697435,no
0.072246,0.608592,no
0.577585,0.486756,no
0.421858,0.421858,yes
0.794127,0.196759,no
0.90923,0.682245,no
0.707369,0.707369,yes
0.33285,0.33285,yes
0.774733,0.774733,yes
0.346399,0.385899,no
0.109555,0.109555,yes
0.586075,0.586075,yes
0.801531,0.423815,no
0.359209,0.359209,yes
0.036952,0.631142,no
0.893238,0.00455,no
0.170441,0.508837,no
0.305036,0.305036,yes
0.576842,0.576842,yes
0.837817,0.837817,yes
0.721258,0.721258,yes
0.105527,0.535252,no
0.793504,0.714118,no
0.112837,0.28026,no
0.135976,0.906964,no
0.477019,0.045206,no
0.589209,0.184387,no
0.378057,0.378057,yes
0.363942,0.363942,yes
0.530786,0.763955,no
0.473497,0.116861,no
0.565487,0.565487,yes
0.897312,0.897312,yes
0.47607,0.47607,yes
0.602438,0.528454,no
0.369308,0.606988,no
0.698895,0.878145,no
0.912024,0.275737,no
0.715962,0.715962,yes
0.633282,0.633282,yes
0.381264,0.381264,yes
0.251213,0.426786,no
0.095382,0.095382,yes
0.36405,0.36405,yes
0.707046,0.707046,yes
0.231358,0.271014,no
0.184065,0.276564,no
0.860223,0.860223,yes
0.368452,0.654621,no
0.224164,0.899238,no
0.418577,0.697662,no
0.016099,0.016099,yes
0.984063,0.984063,yes
0.594974,0.594974,yes
0.49217,0.586501,no
0.123428,0.123428,yes
0.861478,0.193489,no
0.822323,0.822323,yes
0.739623,0.739623,yes
0.105513,0.09806,no
0.455584,0.738795,no
0.479323,0.706798,no
0.165581,0.574705,no
0.070848,0.872627,no
0.806063,0.341862,no
0.056692,0.082628,no
0.202085,0.425144,no
0.737249,0.426249,no
0.324382,0.155825,no
0.123911,0.340482,no
0.139888,0.718884,no
0.832651,0.72639,no
0.842312,0.694129,no
0.919879,0.664634,no
0.433752,0.025392,no
0.762694,0.889336,no
0.764188,0.242017,no
0.596134,0.929769,no
0.816722,0.666982,no
0.802396,0.622786,no
0.008844,0.859088,no
0.705413,0.210929,no
0.284232,0.442662,no
0.637178,0.608614,no
0.598487,0.761088,no
0.949095,0.738376,no
0.479972,0.781747,no
0.464766,0.322284,no
0.475876,0.384644,no
0.986919,0.909628,no
0.410037,0.749613,no
0.798965,0.174224,no
0.99163,0.395099,no
0.103993,0.808352,no
0.062081,0.906389,no
0.431138,0.070926,no
0.765477,0.136551,no
0.281855,0.049708,no
0.579213,0.919032,no
0.658322,0.658322,yes
0.177701,0.680121,no
0.607418,0.607418,yes
0.916076,0.916076,yes
0.160093,0.389165,no
0.380842,0.482377,no
0.865041,0.765486,no
0.469296,0.774669,no
0.175523,0.175523,yes
0.218909,0.218909,yes
0.573634,0.349747,no
0.210538,0.968734,no
0.45374,0.45374,yes
0.018891,0.030815,no
0.360129,0.360129,yes
0.450029,0.101741,no
0.125606,0.125606,yes
0.58658,0.383595,no
0.175315,0.175315,yes
0.165793,0.302628,no
0.833637,0.833637,yes
0.343493,0.982748,no
0.441055,0.25957,no
0.142842,0.830219,no
0.640412,0.625219,no
0.69526,0.69526,yes
0.405898,0.094515,no
0.46993,0.581421,no
0.313424,0.043564,no
0.931168,0.523962,no
0.012298,0.384908,no
0.542853,0.043113,no
0.745038,0.992882,no
0.144853,0.144853,yes
0.870644,0.579462,no
0.528448,0.045959,no
0.745254,0.745254,yes
0.831076,0.831076,yes
0.879596,0.879596,yes
0.088748,0.088748,yes
0.813825,0.813825,yes
0.32065,0.348318,no
0.956666,0.150869,no
0.98873,0.98873,yes
0.581886,0.581886,yes
0.84613,0.394628,no
0.676401,0.316059,no
0.976049,0.989825,no
0.359623,0.907217,no
0.513787,0.371921,no
0.292125,0.292125,yes
0.05664,0.415034,no
0.037163,0.049522,no
0.559887,0.907807,no
0.628984,0.088335,no
0.953766,0.953766,yes
0.374238,0.919411,no
0.833362,0.833362,yes
0.462986,0.733236,no
0.154012,0.154012,yes
0.811304,0.689903,no
0.304881,0.800034,no
0.271788,0.271788,yes
0.151011,0.151011,yes
0.194662,0.194662,yes
0.948189,0.46707,no
0.17071,0.938014,no
0.826694,0.826694,yes
0.077927,0.451801,no
0.198615,0.198615,yes
0.370053,0.370053,yes
0.508442,0.613648,no
0.407216,0.557964,no
0.173535,0.173535,yes
0.315023,0.186948,no
0.26187,0.26187,yes
0.268789,0.268789,yes
0.561186,0.181282,no
0.102151,0.102151,yes
0.024172,0.024172,yes
0.914518,0.256163,no
0.835476,0.835476,yes
0.604421,0.561044,no
0.63551,0.876209,no
0.712055,0.830171,no
0.824398,0.824398,yes
0.179125,0.000882,no
0.762412,0.762412,yes
0.005818,0.005818,yes
0.078809,0.078809,yes
0.214213,0.214213,yes
0.204433,0.204433,yes
0.448862,0.722654,no
0.818081,0.818081,yes
0.856077,0.856077,yes
0.280618,0.991616,no
0.171101,0.171101,yes
0.467566,0.253487,no
0.43989,0.43989,yes
0.028751,0.028751,yes
0.434769,0.434769,yes
0.542041,0.052924,no
0.349287,0.349287,yes
0.798203,0.798203,yes
0.8884,0.953707,no
0.359247,0.359247,yes
0.523909,0.829916,no
0.071302,0.071302,yes
0.354081,0.654314,no
0.250426,0.250426,yes
0.354962,0.416725,no
0.256245,0.433771,no
0.630938,0.630938,yes
0.460678,0.460678,yes
0.882633,0.882633,yes
0.353592,0.353592,yes
0.278759,0.278759,yes
0.73871,0.73871,yes
0.63421,0.270376,no
0.909811,0.909811,yes
0.101776,0.523863,no
0.349701,0.349701,yes
0.130527,0.130527,yes
0.958631,0.891742,no
0.183451,0.183451,yes
0.307918,0.689945,no
0.07185,0.261625,no
0.049192,0.049192,yes
0.59576,0.091541,no
0.120493,0.120493,yes
0.94984,0.94984,yes
0.745855,0.745855,yes
0.37092,0.37092,yes
0.304802,0.16258,no
0.627165,0.738574,no
0.793518,0.087843,no
0.621206,0.14711,no
0.366602,0.366602,yes
0.359916,0.359916,yes
0.78132,0.636978,no
0.269727,0.269727,yes
0.883096,0.160841,no
0.619428,0.013623,no
0.119472,0.511169,no
0.197074,0.42739,no
0.201114,0.201114,yes
0.268924,0.268924,yes
0.689015,0.689015,yes
0.250306,0.864684,no
0.780556,0.780556,yes
0.370799,0.370799,yes
0.814524,0.526411,no
0.741719,0.119327,no
0.68899,0.368884,no
0.8579,0.482508,no
0.456726,0.456726,yes
0.479106,0.629617,no
0.823329,0.839022,no
0.410937,0.460307,no
0.108749,0.294033,no
0.621147,0.621147,yes
0.728177,0.728177,yes
0.307656,0.740619,no
0.239346,0.50473,no
0.168009,0.168009,yes
0.44046,0.44046,yes
0.773654,0.773654,yes
0.857024,0.690765,no
0.638338,0.638338,yes
0.63758,0.63758,yes
0.061564,0.061564,yes
0.452863,0.452863,yes
0.163991,0.803283,no
0.57219,0.852981,no
0.172167,0.172167,yes
0.43009,0.335489,no
0.628893,0.628893,yes
0.909196,0.909196,yes
0.965106,0.965106,yes
0.452221,0.748219,no
0.376043,0.912528,no
0.856968,0.856968,yes
0.670076,0.533675,no
0.585145,0.585145,yes
0.977733,0.977733,yes
0.274294,0.274294,yes
0.82449,0.482463,no
0.442303,0.26495,no
0.256117,0.256117,yes
0.299327,0.955716,no
0.894455,0.936907,no
0.01728,0.01728,yes
0.347318,0.347318,yes
0.100898,0.820563,no
0.919508,0.953879,no
0.992729,0.992729,yes
0.349597,0.349597,yes
0.289367,0.289367,yes
0.621622,0.258794,no
0.254473,0.073844,no
0.007012,0.630517,no
0.986372,0.86398,no
0.300593,0.520047,no
0.449125,0.449125,yes
0.278326,0.794341,no
0.273615,0.760788,no
0.236644,0.236644,yes
0.538565,0.538565,yes
0.016905,0.016905,yes
0.535971,0.494281,no
0.911361,0.911361,yes
0.472878,0.511561,no
0.258679,0.573776,no
0.332123,0.178186,no
0.527655,0.324853,no
0.527784,0.527784,yes
0.817022,0.946475,no
0.786577,0.071495,no
0.020319,0.020319,yes
0.793589,0.702012,no
0.00669,0.657569,no
0.002605,0.526737,no
0.106694,0.280931,no
0.321078,0.380309,no
0.041719,0.041719,yes
0.557722,0.918874,no
0.058624,0.058624,yes
0.093693,0.413155,no
0.969985,0.566572,no
0.924716,0.228664,no
0.140348,0.256839,no
0.40685,0.40685,yes
0.668002,0.581692,no
0.934633,0.934633,yes
0.485024,0.528167,no
0.721211,0.55652,no
0.548486,0.5148,no
0.258532,0.555176,no
0.172369,0.261137,no
0.081913,0.279063,no
0.542067,0.402991,no
0.659372,0.583786,no
0.960713,0.578246,no
0.642411,0.054407,no
0.991401,0.991401,yes
0.612396,0.612396,yes
0.620978,0.620978,yes
0.916117,0.84106,no
0.761326,0.172956,no
0.24791,0.429328,no
0.754648,0.182543,no
0.914353,0.282815,no
0.903754,0.903754,yes
0.470872,0.831301,no
0.418554,0.418554,yes
0.729404,0.729404,yes
0.386477,0.590923,no
0.99054,0.99054,yes
0.46839,0.46839,yes
0.869985,0.532608,no
0.871381,0.871381,yes
0.529357,0.116394,no
0.832094,0.832094,yes
0.107603,0.107603,yes
0.758805,0.758805,yes
0.886501,0.886501,yes
0.099004,0.371201,no
0.507479,0.015121,no
0.212261,0.212261,yes
0.268805,0.268805,yes
0.188077,0.188077,yes
0.46017,0.698133,no
0.942725,0.942725,yes
0.642714,0.612486,no
0.22554,0.22554,yes
0.546467,0.546467,yes
0.083358,0.083358,yes
0.05684,0.05684,yes
0.965021,0.812762,no
0.443317,0.443317,yes
0.555944,0.803303,no
0.911707,0.911707,yes
0.425929,0.425929,yes
0.33591,0.783088,no
0.955286,0.452304,no
0.615182,0.615182,yes
0.062889,0.211109,no
0.501682,0.161894,no
0.58231,0.009161,no
0.177014,0.794571,no
0.277966,0.365091,no
0.254741,0.254741,yes
0.9761,0.9761,yes
0.307816,0.307816,yes
0.897455,0.897455,yes
0.588586,0.533356,no
0.443922,0.443922,yes
0.671944,0.590196,no
0.408943,0.484706,no
0.033512,0.033512,yes
0.964887,0.964887,yes
0.288009,0.288009,yes
0.945219,0.945219,yes
0.390816,0.390816,yes
0.623919,0.728307,no
0.346102,0.346102,yes
0.076224,0.343488,no
0.408992,0.287333,no
0.845171,0.570885,no
0.869643,0.869643,yes
0.854332,0.854332,yes
0.7479,0.7479,yes
0.664213,0.132299,no
0.112991,0.918954,no
0.108398,0.108398,yes
0.420807,0.420807,yes
0.816409,0.696984,no
0.954162,0.954162,yes
0.260331,0.368928,no
0.544358,0.544358,yes
0.669274,0.853634,no
0.57787,0.57787,yes
0.634161,0.141643,no
0.52309,0.52309,yes
0.024977,0.024977,yes
0.765562,0.251396,no
0.371079,0.371079,yes
0.841786,0.594885,no
0.78007,0.78007,yes
0.129118,0.440055,no
0.350956,0.998761,no
0.294388,0.294388,yes
0.098855,0.098855,yes
0.662974,0.662974,yes
0.426686,0.426686,yes
0.211846,0.211846,yes
0.581929,0.581929,yes
0.535085,0.535085,yes
0.632653,0.632653,yes
0.398337,0.232068,no
0.586815,0.658668,no
0.600996,0.131173,no
0.327942,0.45463,no
0.709043,0.709043,yes
0.962103,0.962103,yes
0.596273,0.232133,no
0.98708,0.361835,no
0.483529,0.483529,yes
0.358158,0.20362,no
0.078414,0.078414,yes
0.138229,0.138229,yes
0.332739,0.332739,yes
0.518469,0.518469,yes
0.489184,0.489184,yes
0.3315,0.3315,yes
0.812857,0.812857,yes
0.58804,0.994474,no
0.239543,0.799886,no
0.576402,0.774628,no
0.432538,0.432538,yes
0.97474,0.006696,no
0.019353,0.633408,no
0.607692,0.150526,no
0.96135,0.96135,yes
0.062322,0.062322,yes
0.85957,0.923453,no
0.658594,0.091703,no
0.910533,0.020429,no
0.575232,0.268692,no
0.224049,0.653645,no
0.40692,0.556788,no
0.172114,0.896105,no
0.888287,0.888287,yes
0.984971,0.484145,no
0.882761,0.882761,yes
0.224514,0.224514,yes
0.28403,0.459164,no
0.999142,0.716569,no
0.433904,0.433904,yes
0.005838,0.005838,yes
0.735922,0.067312,no
0.61353,0.886448,no
0.028662,0.028662,yes
0.675851,0.675851,yes
0.746018,0.952116,no
0.334446,0.83772,no
0.862649,0.354875,no
0.412952,0.13134,no
0.578924,0.066597,no
0.538261,0.135712,no
0.238711,0.434366,no
0.023999,0.223682,no
0.91851,0.90676,no
0.448196,0.202541,no
0.365924,0.365924,yes
0.447338,0.919109,no
0.799827,0.453176,no
0.655031,0.655031,yes
0.867139,0.867139,yes
0.066705,0.066705,yes
0.54148,0.895801,no
0.742557,0.742557,yes
0.287497,0.847917,no
0.077002,0.125218,no
0.710566,0.710566,yes
0.431877,0.431877,yes
0.53817,0.841906,no
0.010801,0.604767,no
0.380167,0.380167,yes
0.146513,0.146513,yes
0.843478,0.843478,yes
0.814533,0.170512,no
0.06716,0.06716,yes
0.733043,0.733043,yes
0.077272,0.515357,no
0.935584,0.443196,no
0.962695,0.962695,yes
0.854693,0.854693,yes
0.243023,0.415871,no
0.509724,0.509724,yes
0.110162,0.110162,yes
0.482576,0.051204,no
0.005964,0.225132,no
0.338701,0.338701,yes
0.853881,0.853881,yes
0.302135,0.463919,no
0.564447,0.734012,no
0.002089,0.002089,yes
0.406353,0.406353,yes
0.744813,0.606856,no
0.78652,0.891325,no
0.450334,0.450334,yes
0.601053,0.601053,yes
0.061837,0.061837,yes
0.517494,0.517494,yes
0.334096,0.334096,yes
0.139109,0.032851,no
0.26968,0.582305,no
0.995546,0.995546,yes
0.124373,0.124373,yes
0.825328,0.411417,no
0.634098,0.634098,yes
0.93549,0.893992,no
0.685302,0.685302,yes
0.941454,0.941454,yes
0.119125,0.024003,no
0.795335,0.421259,no
0.487922,0.487922,yes
0.359782,0.359782,yes
0.155271,0.155271,yes
0.490011,0.766135,no
0.900083,0.900083,yes
0.096867,0.552655,no
0.791409,0.791409,yes
0.547201,0.547201,yes
0.153708,0.853246,no
0.064695,0.487804,no
0.992355,0.097546,no
0.757484,0.574659,no
0.093092,0.093092,yes
0.881857,0.399987,no
0.504509,0.504509,yes
0.515954,0.515954,yes
0.335477,0.398501,no
0.201256,0.201256,yes
0.276931,0.517626,no
0.225259,0.225259,yes
0.072266,0.072266,yes
0.938886,0.713181,no
0.432048,0.094156,no
0.203192,0.198182,no
0.99424,0.99424,yes
0.300059,0.750837,no
0.785649,0.847259,no
0.904544,0.638894,no
0.911955,0.911955,yes
0.392348,0.392348,yes
0.631249,0.631249,yes
0.009501,0.009501,yes
0.149832,0.149832,yes
0.205908,0.102594,no
0.031689,0.605896,no
0.607103,0.547643,no
0.941373,0.941373,yes
0.005604,0.005604,yes
0.748899,0.218304,no
0.52323,0.52323,yes
0.974158,0.29057,no
0.462116,0.462116,yes
0.687339,0.687339,yes
0.722618,0.722618,yes
0.556272,0.890531,no
0.9208,0.9208,yes
0.550512,0.190589,no
0.671637,0.336161,no
0.037849,0.576181,no
0.975055,0.975055,yes
0.949804,0.968529,no
0.606304,0.606304,yes
0.959305,0.959305,yes
0.118361,0.118361,yes
0.812213,0.061898,no
0.15005,0.418108,no
0.669001,0.669001,yes
0.697693,0.697693,yes
0.359481,0.674605,no
0.446592,0.446592,yes
0.577785,0.577785,yes
0.197835,0.197835,yes
0.42075,0.868355,no
0.659951,0.659951,yes
0.108088,0.108088,yes
0.590973,0.590973,yes
0.216223,0.216223,yes
0.998619,0.998619,yes
0.511773,0.766735,no
0.189208,0.189208,yes
0.18341,0.18341,yes
0.102896,0.102896,yes
0.227057,0.759591,no
0.077951,0.077951,yes
0.176861,0.176861,yes
0.72812,0.684256,no
0.136165,0.846481,no
0.496468,0.496468,yes
0.198064,0.996531,no
0.914576,0.867065,no
0.694223,0.274057,no
0.54167,0.140815,no
0.851842,0.851842,yes
0.739505,0.739505,yes
0.561565,0.720198,no
0.399456,0.399456,yes
0.669653,0.669653,yes
0.311171,0.615679,no
0.668272,0.668272,yes
0.822944,0.822944,yes
0.382414,0.382414,yes
0.857481,0.857481,yes
0.006354,0.006354,yes
0.485311,0.084538,no
0.765945,0.765945,yes
0.563262,0.563262,yes
0.261399,0.261399,yes
0.494066,0.494066,yes
0.247518,0.397564,no
0.340547,0.340547,yes
0.743986,0.595628,no
0.337078,0.658562,no
0.462693,0.462693,yes
0.031301,0.932619,no
0.004362,0.004362,yes
0.172116,0.172116,yes
0.784462,0.743867,no
0.733681,0.733681,yes
0.50466,0.50466,yes
0.143323,0.403334,no
0.815831,0.815831,yes
0.759002,0.071606,no
0.638775,0.141416,no
0.929087,0.929087,yes
0.645129,0.645129,yes
0.626727,0.626727,yes
0.013625,0.411075,no
0.189989,0.275024,no
0.90514,0.437507,no
0.672588,0.245687,no
0.181493,0.268216,no
0.582765,0.582765,yes
0.840055,0.730908,no
0.614065,0.614065,yes
0.772674,0.772674,yes
0.73527,0.73527,yes
0.786181,0.557136,no
0.479137,0.479137,yes
0.519862,0.061795,no
0.62246,0.62246,yes
0.923196,0.923196,yes
0.877626,0.381462,no
0.994802,0.994802,yes
0.516401,0.516401,yes
0.522878,0.522878,yes
0.923889,0.923889,yes
0.16153,0.16153,yes
0.149605,0.149605,yes
0.937513,0.937513,yes
0.572605,0.339593,no
0.212537,0.477745,no
0.7771,0.885125,no
0.723432,0.958593,no
0.153341,0.306197,no
0.798647,0.798647,yes
0.884249,0.920262,no
0.571321,0.571321,yes
0.619519,0.706443,no
0.128457,0.098657,no
0.226305,0.190253,no
0.721117,0.721117,yes
0.149501,0.067879,no
0.102578,0.102578,yes
0.144303,0.144303,yes
0.58428,0.58428,yes
0.625456,0.068192,no
0.74581,0.775061,no
0.005705,0.318415,no
0.114654,0.114654,yes
0.218242,0.79616,no
0.891754,0.891754,yes
0.103367,0.103367,yes
0.519592,0.850347,no
0.256708,0.256708,yes
0.825789,0.648994,no
0.140957,0.74605,no
0.220316,0.220316,yes
0.760476,0.760476,yes
0.452494,0.348773,no
0.859133,0.859133,yes
0.678799,0.678799,yes
0.539026,0.580249,no
0.8283,0.8283,yes
0.606904,0.606904,yes
0.682828,0.972603,no
0.191184,0.308284,no
0.040795,0.040795,yes
0.936994,0.936994,yes
0.083345,0.0465,no
0.255408,0.255408,yes
0.197999,0.197999,yes
0.264742,0.051568,no
0.089754,0.089754,yes
0.368109,0.368109,yes
0.57116,0.57116,yes
0.940101,0.940101,yes
0.624817,0.396949,no
0.589095,0.589095,yes
0.765774,0.142999,no
0.809411,0.809411,yes
0.52625,0.52625,yes
0.595493,0.595493,yes
0.158184,0.385383,no
0.274292,0.69721,no
0.965632,0.102592,no
0.304114,0.304114,yes
0.64846,0.64846,yes
0.075195,0.495298,no
0.956744,0.956744,yes
0.11599,0.432291,no
0.040089,0.040089,yes
0.16249,0.16249,yes
0.6877,0.6877,yes
0.238088,0.238088,yes
0.427232,0.427232,yes
0.739268,0.739268,yes
0.327842,0.795341,no
0.310428,0.267943,no
0.420158,0.420158,yes
0.707377,0.707377,yes
0.857038,0.857038,yes
0.185932,0.850376,no
0.66645,0.712182,no
0.445869,0.824634,no
0.097565,0.097565,yes
0.720161,0.521843,no
0.063197,0.063197,yes
0.822753,0.825957,no
0.711658,0.711658,yes
0.897948,0.897948,yes
0.321255,0.668402,no
0.013939,0.753546,no
0.708491,0.708491,yes
0.176428,0.176428,yes
0.441246,0.441246,yes
0.946579,0.603661,no
0.180514,0.180514,yes
0.274422,0.274422,yes
0.399002,0.490942,no
0.542365,0.542365,yes
0.81916,0.198319,no
0.399403,0.005093,no
0.048695,0.048695,yes
0.065853,0.717275,no
0.494564,0.494564,yes
0.890487,0.890487,yes
0.81484,0.214724,no
0.41233,0.41233,yes
0.878037,0.037478,no
0.238287,0.589695,no
0.935426,0.935426,yes
0.559542,0.559542,yes
0.258097,0.258097,yes
0.949364,0.313089,no
0.966588,0.966588,yes
0.125793,0.754335,no
0.913167,0.729453,no
0.934849,0.187589,no
0.128455,0.128455,yes
0.425791,0.729954,no
0.947615,0.947615,yes
0.62411,0.62411,yes
0.129357,0.129357,yes
0.952708,0.952708,yes
0.672805,0.672805,yes
0.19521,0.669983,no
0.167369,0.085697,no
0.484823,0.484823,yes
0.382093,0.382093,yes
0.498027,0.36286,no
0.419571,0.736314,no
0.952555,0.354997,no
0.295856,0.295856,yes
0.210652,0.210652,yes
0.304361,0.608945,no
0.177239,0.177239,yes
0.430154,0.430154,yes
0.36328,0.36328,yes
0.090406,0.090406,yes
0.159607,0.159607,yes
0.298129,0.298129,yes
0.277995,0.277995,yes
0.288063,0.288063,yes
0.72392,0.72392,yes
0.007948,0.235678,no
0.34803,0.137305,no
0.188386,0.188386,yes
0.020836,0.332515,no
0.858369,0.188204,no
0.418212,0.343192,no
0.570297,0.916238,no
0.706052,0.989868,no
0.652552,0.652552,yes
0.658607,0.658607,yes
0.344865,0.344865,yes
0.948409,0.948409,yes
0.869259,0.869259,yes
0.649226,0.649226,yes
0.557354,0.557354,yes
0.046498,0.07938,no
0.920634,0.920634,yes
0.136905,0.136905,yes
0.238988,0.238988,yes
0.218763,0.218763,yes
0.4149,0.52705,no
0.942683,0.942683,yes
0.422848,0.422848,yes
0.762728,0.290713,no
0.560153,0.560153,yes
0.951115,0.951115,yes
0.311549,0.892669,no
0.809484,0.499753,no
0.31088,0.152676,no
0.070051,0.227119,no
0.858728,0.059919,no
0.879671,0.879671,yes
0.517335,0.404784,no
0.82808,0.82808,yes
0.386594,0.386594,yes
0.05401,0.385434,no
0.433092,0.13339,no
0.306067,0.569997,no
0.372377,0.52483,no
0.984896,0.899428,no
0.467513,0.467513,yes
0.407745,0.407745,yes
0.662156,0.662156,yes
0.758226,0.758226,yes
0.967898,0.613271,no
0.069775,0.069775,yes
0.860567,0.860567,yes
0.422754,0.569529,no
0.171447,0.57543,no
0.639579,0.398566,no
0.434157,0.699498,no
0.278237,0.951492,no
0.104282,0.104282,yes
0.106317,0.338086,no
0.158292,0.49175,no
0.771178,0.291681,no
0.797818,0.341175,no
0.664059,0.664059,yes
0.322648,0.322648,yes
0.326072,0.326072,yes
0.563486,0.563486,yes
0.790161,0.733816,no
0.225642,0.225642,yes
0.548387,0.548387,yes
0.701714,0.701714,yes
0.838913,0.618163,no
0.562281,0.261668,no
0.187691,0.733728,no
0.837097,0.837097,yes
0.82727,0.132294,no
0.271255,0.271255,yes
0.526768,0.41053,no
0.222747,0.63105,no
0.516847,0.516847,yes
0.560833,0.789342,no
0.008597,0.332012,no
0.081023,0.806414,no
0.673187,0.673187,yes
0.745082,0.129062,no
0.999258,0.999258,yes
0.308568,0.308568,yes
0.919223,0.733075,no
0.534211,0.46761,no
0.434789,0.373124,no
0.085772,0.99707,no
0.634791,0.273464,no
0.730797,0.730797,yes
0.471889,0.100734,no
0.863091,0.863091,yes

